{"stats":{"minecraft:mined":{"minecraft:yellow_terracotta":1,"herbology:salt_block":11,"minecraft:white_bed":3,"minecraft:glass_pane":1,"minecraft:red_bed":1,"herbology:vital_cactus_stem":5,"minecraft:jungle_leaves":3,"minecraft:crafting_table":6,"herbology:vital_cactus":15,"minecraft:acacia_log":2,"minecraft:jungle_log":9,"minecraft:tall_grass":2,"minecraft:sugar_cane":7,"ars_nouveau:blue_archwood_log":6,"minecraft:iron_ore":1,"iter_rpg:etherbloom":2,"minecraft:andesite":1,"minecraft:grass":73,"minecraft:vine":2,"minecraft:cocoa":5,"minecraft:bamboo":3,"minecraft:stone":3,"minecraft:orange_bed":1,"minecraft:oak_leaves":3,"ars_nouveau:purple_archwood_log":11,"minecraft:fern":9},"minecraft:killed":{"minecraft:pig":5,"ars_nouveau:drygmy":2,"minecraft:iron_golem":1,"minecraft:creeper":2,"minecraft:skeleton":1,"minecraft:sheep":12,"minecraft:zombie":3,"minecraft:chicken":3,"ars_nouveau:whirlisprig":1,"realmrpg_demons:chort":3,"minecraft:enderman":1,"artifacts:mimic":1,"minecraft:cow":8},"minecraft:crafted":{"minecraft:crafting_table":3,"ars_nouveau:archwood_planks":44,"minecraft:wooden_pickaxe":1,"minecraft:jungle_planks":292,"minecraft:iron_axe":1,"minecraft:stick":15,"minecraft:iron_ingot":63,"minecraft:iron_pickaxe":1,"minecraft:stone_pickaxe":1,"minecraft:wooden_axe":3,"minecraft:white_bed":1,"minecraft:acacia_planks":8},"minecraft:dropped":{"artifacts:helium_flamingo":2,"minecraft:wooden_axe":2},"minecraft:broken":{"minecraft:wooden_axe":3},"minecraft:custom":{"minecraft:mob_kills":43,"minecraft:interact_with_cartography_table":1,"minecraft:interact_with_crafting_table":7,"minecraft:open_barrel":1,"minecraft:leave_game":3,"minecraft:time_since_death":31810,"minecraft:sleep_in_bed":4,"minecraft:climb_one_cm":2889,"minecraft:time_since_rest":7630,"minecraft:sprint_one_cm":125024,"minecraft:damage_taken":1635,"minecraft:walk_one_cm":103812,"minecraft:drop":4,"minecraft:damage_dealt":6607,"minecraft:talked_to_villager":4,"minecraft:swim_one_cm":201051,"minecraft:fly_one_cm":347205,"minecraft:open_chest":5,"minecraft:crouch_one_cm":2625,"minecraft:play_time":87049,"minecraft:deaths":3,"minecraft:sneak_time":1315,"minecraft:walk_under_water_one_cm":13322,"minecraft:jump":1175,"minecraft:interact_with_blast_furnace":1,"minecraft:walk_on_water_one_cm":3406,"minecraft:total_world_time":87049,"minecraft:fall_one_cm":96920},"minecraft:picked_up":{"minecraft:wooden_axe":2,"minecraft:cocoa_beans":15,"minecraft:crafting_table":6,"minecraft:wheat":3,"minecraft:feather":3,"minecraft:chicken":3,"minecraft:andesite":1,"knightsnmages:elite_mage_chestplate":1,"minecraft:jungle_log":9,"minecraft:leather":5,"artifacts:chorus_totem":1,"herbology:vital_cactus":15,"minecraft:gunpowder":3,"skilltree:gem":1,"minecraft:red_bed":1,"iter_rpg:etherbloom":2,"minecraft:bone":1,"knightsnmages:elite_mage_boots":1,"minecraft:wheat_seeds":5,"minecraft:beef":16,"minecraft:iron_ingot":67,"minecraft:bamboo":22,"minecraft:sugar_cane":12,"minecraft:egg":3,"knightsnmages:elite_mage_helmet":1,"minecraft:stick":6,"minecraft:raw_iron":1,"ars_nouveau:purple_archwood_log":11,"herbology:salt":21,"minecraft:acacia_log":2,"ars_nouveau:blue_archwood_log":6,"minecraft:porkchop":11,"minecraft:jungle_planks":256,"minecraft:white_bed":3,"minecraft:orange_bed":1,"artifacts:helium_flamingo":3,"herbology:vital_cactus_seed":23,"minecraft:arrow":2,"minecraft:rotten_flesh":3,"knightsnmages:elite_mage_leggings":1,"minecraft:yellow_terracotta":1,"minecraft:mutton":17,"minecraft:black_wool":1,"minecraft:coal":4,"minecraft:white_wool":11,"minecraft:cobblestone":3},"minecraft:used":{"minecraft:stone_pickaxe":13,"minecraft:wooden_pickaxe":19,"artifacts:eternal_steak":13,"rpgsmw:awakened_nephris_battle_hammer":13,"minecraft:crafting_table":7,"minecraft:red_bed":2,"rpgsmw:nephris_scythe":15,"ars_nouveau:archwood_planks":1,"minecraft:white_bed":3,"rpgsmw:nephris_mage_armor_boots":2,"minecraft:wooden_axe":147,"rpgsmw:nephris_healer_wand":6,"minecraft:iron_axe":54,"minecraft:iron_pickaxe":1,"knightsnmages:elite_mage_boots":1,"rpgsmw:nephris_mage_armor_leggings":1,"minecraft:andesite":1,"minecraft:egg":3}},"DataVersion":3465}