{"stats":{"minecraft:mined":{"minecraft:jungle_leaves":2,"minecraft:crafting_table":2,"minecraft:grass":26,"minecraft:acacia_log":2,"minecraft:jungle_log":9,"minecraft:tall_grass":2,"ars_nouveau:purple_archwood_log":11},"minecraft:killed":{"minecraft:sheep":11,"minecraft:pig":5,"ars_nouveau:drygmy":1,"minecraft:cow":6},"minecraft:crafted":{"ars_nouveau:archwood_planks":44,"minecraft:crafting_table":2,"minecraft:stick":4,"minecraft:wooden_pickaxe":1,"minecraft:wooden_axe":2,"minecraft:acacia_planks":8,"minecraft:jungle_planks":36},"minecraft:dropped":{"artifacts:helium_flamingo":1,"minecraft:wooden_axe":1},"minecraft:broken":{"minecraft:wooden_axe":1},"minecraft:custom":{"minecraft:time_since_rest":28647,"minecraft:sprint_one_cm":23554,"minecraft:damage_taken":320,"minecraft:walk_one_cm":37055,"minecraft:mob_kills":23,"minecraft:drop":2,"minecraft:damage_dealt":2367,"minecraft:swim_one_cm":75759,"minecraft:interact_with_crafting_table":4,"minecraft:fly_one_cm":54169,"minecraft:crouch_one_cm":460,"minecraft:play_time":28647,"minecraft:sneak_time":213,"minecraft:walk_under_water_one_cm":4116,"minecraft:jump":293,"minecraft:leave_game":2,"minecraft:time_since_death":28647,"minecraft:climb_one_cm":1452,"minecraft:total_world_time":28647,"minecraft:fall_one_cm":33022},"minecraft:picked_up":{"minecraft:wooden_axe":1,"minecraft:stick":4,"minecraft:crafting_table":2,"ars_nouveau:purple_archwood_log":11,"minecraft:jungle_log":9,"minecraft:leather":5,"minecraft:acacia_log":2,"minecraft:porkchop":11,"artifacts:helium_flamingo":1,"minecraft:wheat_seeds":2,"minecraft:beef":13,"minecraft:black_wool":1,"minecraft:mutton":16,"minecraft:white_wool":10,"minecraft:egg":3},"minecraft:used":{"minecraft:wooden_axe":87,"artifacts:eternal_steak":3,"minecraft:crafting_table":4,"minecraft:egg":3}},"DataVersion":3465}