{"stats":{"minecraft:mined":{"herbology:salt_block":11,"minecraft:white_bed":3,"herbology:vital_cactus_stem":5,"minecraft:jungle_leaves":3,"minecraft:crafting_table":5,"herbology:vital_cactus":15,"minecraft:acacia_log":2,"minecraft:jungle_log":9,"minecraft:tall_grass":2,"ars_nouveau:blue_archwood_log":6,"minecraft:iron_ore":1,"iter_rpg:etherbloom":2,"minecraft:andesite":1,"minecraft:grass":39,"minecraft:stone":3,"minecraft:oak_leaves":2,"ars_nouveau:purple_archwood_log":11,"minecraft:fern":3},"minecraft:killed":{"minecraft:pig":5,"ars_nouveau:drygmy":1,"minecraft:sheep":11,"minecraft:skeleton":1,"minecraft:zombie":3,"ars_nouveau:whirlisprig":1,"realmrpg_demons:chort":2,"minecraft:cow":6},"minecraft:crafted":{"minecraft:crafting_table":2,"ars_nouveau:archwood_planks":44,"minecraft:wooden_pickaxe":1,"minecraft:jungle_planks":292,"minecraft:stick":4,"minecraft:iron_ingot":63,"minecraft:stone_pickaxe":1,"minecraft:wooden_axe":3,"minecraft:white_bed":1,"minecraft:acacia_planks":8},"minecraft:dropped":{"artifacts:helium_flamingo":2,"minecraft:wooden_axe":2},"minecraft:broken":{"minecraft:wooden_axe":3},"minecraft:custom":{"minecraft:mob_kills":30,"minecraft:interact_with_crafting_table":6,"minecraft:leave_game":3,"minecraft:time_since_death":7314,"minecraft:sleep_in_bed":2,"minecraft:climb_one_cm":1598,"minecraft:time_since_rest":7338,"minecraft:sprint_one_cm":83803,"minecraft:damage_taken":1280,"minecraft:walk_one_cm":70039,"minecraft:drop":4,"minecraft:damage_dealt":3637,"minecraft:swim_one_cm":145386,"minecraft:fly_one_cm":144642,"minecraft:open_chest":1,"minecraft:crouch_one_cm":1366,"minecraft:play_time":62553,"minecraft:deaths":3,"minecraft:sneak_time":786,"minecraft:walk_under_water_one_cm":8587,"minecraft:jump":696,"minecraft:walk_on_water_one_cm":1097,"minecraft:total_world_time":62553,"minecraft:fall_one_cm":74221},"minecraft:picked_up":{"minecraft:wooden_axe":2,"minecraft:crafting_table":5,"minecraft:wheat":3,"knightsnmages:elite_mage_chestplate":1,"minecraft:jungle_log":9,"minecraft:andesite":1,"minecraft:leather":5,"herbology:vital_cactus":15,"skilltree:gem":1,"iter_rpg:etherbloom":2,"minecraft:bone":1,"knightsnmages:elite_mage_boots":1,"minecraft:wheat_seeds":3,"minecraft:iron_ingot":63,"minecraft:beef":13,"minecraft:egg":3,"knightsnmages:elite_mage_helmet":1,"minecraft:raw_iron":1,"minecraft:stick":6,"ars_nouveau:purple_archwood_log":11,"herbology:salt":21,"minecraft:acacia_log":2,"ars_nouveau:blue_archwood_log":6,"minecraft:porkchop":11,"minecraft:jungle_planks":256,"minecraft:white_bed":3,"artifacts:helium_flamingo":3,"herbology:vital_cactus_seed":23,"minecraft:arrow":2,"minecraft:rotten_flesh":3,"knightsnmages:elite_mage_leggings":1,"minecraft:mutton":16,"minecraft:black_wool":1,"minecraft:coal":3,"minecraft:white_wool":10,"minecraft:cobblestone":3},"minecraft:used":{"minecraft:stone_pickaxe":13,"minecraft:wooden_pickaxe":19,"artifacts:eternal_steak":9,"minecraft:crafting_table":6,"ars_nouveau:archwood_planks":1,"minecraft:white_bed":3,"minecraft:wooden_axe":147,"minecraft:andesite":1,"minecraft:egg":3}},"DataVersion":3465}