{"stats":{"minecraft:mined":{"herbology:salt_block":11,"ars_nouveau:blue_archwood_log":6,"minecraft:white_bed":2,"minecraft:iron_ore":1,"herbology:vital_cactus_stem":4,"minecraft:jungle_leaves":3,"minecraft:andesite":1,"minecraft:crafting_table":5,"herbology:vital_cactus":12,"minecraft:grass":31,"minecraft:acacia_log":2,"minecraft:jungle_log":9,"minecraft:tall_grass":2,"minecraft:stone":3,"minecraft:fern":1,"minecraft:oak_leaves":1,"ars_nouveau:purple_archwood_log":11},"minecraft:killed":{"minecraft:sheep":11,"minecraft:zombie":3,"minecraft:pig":5,"ars_nouveau:drygmy":1,"ars_nouveau:whirlisprig":1,"realmrpg_demons:chort":2,"minecraft:cow":6},"minecraft:crafted":{"ars_nouveau:archwood_planks":44,"minecraft:crafting_table":2,"minecraft:stick":4,"minecraft:wooden_pickaxe":1,"minecraft:stone_pickaxe":1,"minecraft:wooden_axe":3,"minecraft:white_bed":1,"minecraft:acacia_planks":8,"minecraft:jungle_planks":36},"minecraft:dropped":{"artifacts:helium_flamingo":1,"minecraft:wooden_axe":2},"minecraft:broken":{"minecraft:wooden_axe":2},"minecraft:custom":{"minecraft:time_since_rest":10131,"minecraft:sprint_one_cm":37982,"minecraft:damage_taken":475,"minecraft:walk_one_cm":54516,"minecraft:mob_kills":29,"minecraft:drop":3,"minecraft:damage_dealt":3517,"minecraft:swim_one_cm":107880,"minecraft:interact_with_crafting_table":6,"minecraft:fly_one_cm":77763,"minecraft:crouch_one_cm":1286,"minecraft:play_time":40647,"minecraft:sneak_time":666,"minecraft:walk_under_water_one_cm":5477,"minecraft:jump":439,"minecraft:leave_game":2,"minecraft:time_since_death":40647,"minecraft:sleep_in_bed":1,"minecraft:climb_one_cm":1586,"minecraft:total_world_time":40647,"minecraft:fall_one_cm":46817},"minecraft:picked_up":{"minecraft:wooden_axe":2,"minecraft:raw_iron":1,"minecraft:wheat":3,"minecraft:stick":6,"minecraft:crafting_table":5,"ars_nouveau:purple_archwood_log":11,"minecraft:andesite":1,"minecraft:jungle_log":9,"herbology:salt":21,"minecraft:leather":5,"minecraft:acacia_log":2,"ars_nouveau:blue_archwood_log":6,"minecraft:porkchop":11,"herbology:vital_cactus":12,"minecraft:white_bed":2,"skilltree:gem":1,"artifacts:helium_flamingo":1,"herbology:vital_cactus_seed":18,"minecraft:rotten_flesh":3,"minecraft:wheat_seeds":2,"minecraft:beef":13,"minecraft:black_wool":1,"minecraft:mutton":16,"minecraft:coal":3,"minecraft:white_wool":10,"minecraft:cobblestone":3,"minecraft:egg":3},"minecraft:used":{"minecraft:wooden_axe":137,"minecraft:stone_pickaxe":1,"minecraft:wooden_pickaxe":19,"artifacts:eternal_steak":5,"minecraft:crafting_table":6,"minecraft:andesite":1,"minecraft:white_bed":2,"minecraft:egg":3}},"DataVersion":3465}