{"stats":{"minecraft:custom":{"minecraft:mob_kills":35,"minecraft:interact_with_crafting_table":6,"minecraft:leave_game":3,"minecraft:time_since_death":15035,"minecraft:sleep_in_bed":2,"minecraft:climb_one_cm":2317,"minecraft:time_since_rest":15059,"minecraft:sprint_one_cm":94390,"minecraft:damage_taken":1390,"minecraft:walk_one_cm":80786,"minecraft:drop":4,"minecraft:damage_dealt":3757,"minecraft:swim_one_cm":161125,"minecraft:fly_one_cm":170590,"minecraft:open_chest":1,"minecraft:crouch_one_cm":1587,"minecraft:play_time":70274,"minecraft:deaths":3,"minecraft:sneak_time":894,"minecraft:walk_under_water_one_cm":10708,"minecraft:jump":848,"minecraft:walk_on_water_one_cm":2205,"minecraft:total_world_time":70274,"minecraft:fall_one_cm":81954},"minecraft:dropped":{"artifacts:helium_flamingo":2,"minecraft:wooden_axe":2},"minecraft:crafted":{"minecraft:crafting_table":2,"ars_nouveau:archwood_planks":44,"minecraft:wooden_pickaxe":1,"minecraft:jungle_planks":292,"minecraft:stick":4,"minecraft:iron_ingot":63,"minecraft:stone_pickaxe":1,"minecraft:wooden_axe":3,"minecraft:white_bed":1,"minecraft:acacia_planks":8},"minecraft:killed":{"minecraft:pig":5,"ars_nouveau:drygmy":1,"minecraft:skeleton":1,"minecraft:sheep":11,"minecraft:zombie":3,"minecraft:chicken":3,"ars_nouveau:whirlisprig":1,"realmrpg_demons:chort":2,"minecraft:cow":8},"minecraft:mined":{"herbology:salt_block":11,"minecraft:white_bed":3,"herbology:vital_cactus_stem":5,"minecraft:jungle_leaves":3,"minecraft:crafting_table":5,"herbology:vital_cactus":15,"minecraft:acacia_log":2,"minecraft:jungle_log":9,"minecraft:tall_grass":2,"ars_nouveau:blue_archwood_log":6,"minecraft:iron_ore":1,"iter_rpg:etherbloom":2,"minecraft:andesite":1,"minecraft:grass":59,"minecraft:bamboo":3,"minecraft:stone":3,"minecraft:oak_leaves":3,"ars_nouveau:purple_archwood_log":11,"minecraft:fern":5},"minecraft:broken":{"minecraft:wooden_axe":3},"minecraft:picked_up":{"minecraft:wooden_axe":2,"minecraft:crafting_table":5,"minecraft:wheat":3,"minecraft:feather":3,"minecraft:chicken":3,"minecraft:jungle_log":9,"knightsnmages:elite_mage_chestplate":1,"minecraft:andesite":1,"minecraft:leather":5,"herbology:vital_cactus":15,"skilltree:gem":1,"iter_rpg:etherbloom":2,"minecraft:bone":1,"knightsnmages:elite_mage_boots":1,"minecraft:wheat_seeds":4,"minecraft:beef":16,"minecraft:iron_ingot":63,"minecraft:bamboo":22,"minecraft:egg":3,"knightsnmages:elite_mage_helmet":1,"minecraft:stick":6,"minecraft:raw_iron":1,"ars_nouveau:purple_archwood_log":11,"herbology:salt":21,"minecraft:acacia_log":2,"ars_nouveau:blue_archwood_log":6,"minecraft:porkchop":11,"minecraft:jungle_planks":256,"minecraft:white_bed":3,"artifacts:helium_flamingo":3,"herbology:vital_cactus_seed":23,"minecraft:arrow":2,"minecraft:rotten_flesh":3,"knightsnmages:elite_mage_leggings":1,"minecraft:mutton":16,"minecraft:black_wool":1,"minecraft:coal":3,"minecraft:white_wool":10,"minecraft:cobblestone":3},"minecraft:used":{"minecraft:stone_pickaxe":13,"minecraft:wooden_pickaxe":19,"artifacts:eternal_steak":11,"rpgsmw:awakened_nephris_battle_hammer":9,"minecraft:crafting_table":6,"rpgsmw:nephris_scythe":15,"ars_nouveau:archwood_planks":1,"minecraft:white_bed":3,"rpgsmw:nephris_mage_armor_boots":2,"minecraft:wooden_axe":147,"rpgsmw:nephris_healer_wand":6,"knightsnmages:elite_mage_boots":1,"rpgsmw:nephris_mage_armor_leggings":1,"minecraft:andesite":1,"minecraft:egg":3}},"DataVersion":3465}