{"stats":{"minecraft:custom":{"minecraft:mob_kills":64,"minecraft:inspect_hopper":8,"minecraft:interact_with_crafting_table":23,"minecraft:open_barrel":1,"minecraft:leave_game":6,"minecraft:time_since_death":134097,"minecraft:climb_one_cm":2889,"minecraft:sprint_one_cm":180871,"minecraft:walk_one_cm":248119,"minecraft:drop":14,"minecraft:talked_to_villager":4,"minecraft:play_time":189336,"minecraft:deaths":3,"minecraft:sneak_time":2885,"minecraft:walk_under_water_one_cm":13874,"minecraft:jump":2040,"minecraft:interact_with_brewingstand":1,"minecraft:interact_with_blast_furnace":1,"minecraft:walk_on_water_one_cm":5483,"minecraft:total_world_time":189336,"minecraft:interact_with_cartography_table":1,"minecraft:interact_with_grindstone":1,"minecraft:sleep_in_bed":7,"minecraft:time_since_rest":34290,"minecraft:damage_taken":1999,"minecraft:damage_dealt":9368,"minecraft:swim_one_cm":201051,"minecraft:fly_one_cm":626871,"minecraft:open_chest":23,"minecraft:crouch_one_cm":5943,"minecraft:fall_one_cm":119390},"minecraft:dropped":{"minecraft:wooden_axe":2,"minecraft:gold_nugget":8,"minecraft:iron_axe":1,"minecraft:bone":8,"minecraft:raw_copper":3,"minecraft:cocoa_beans":15,"minecraft:raw_iron":1,"minecraft:rotten_flesh":1,"artifacts:helium_flamingo":2,"minecraft:acacia_sapling":2,"iter_rpg:spider_silk":1},"minecraft:crafted":{"minecraft:cobblestone_slab":18,"ars_nouveau:archwood_planks":44,"minecraft:cobblestone_stairs":4,"minecraft:hopper":4,"minecraft:iron_axe":1,"minecraft:stone_pickaxe":1,"minecraft:chest":7,"minecraft:crafting_table":3,"minecraft:wooden_pickaxe":1,"minecraft:jungle_planks":292,"minecraft:stick":27,"minecraft:iron_ingot":63,"minecraft:iron_pickaxe":1,"minecraft:wooden_axe":3,"minecraft:iron_shovel":1,"minecraft:white_bed":1,"minecraft:acacia_planks":8,"minecraft:torch":60,"minecraft:jungle_sign":3},"minecraft:killed":{"minecraft:spider":1,"minecraft:skeleton":7,"minecraft:chicken":3,"realmrpg_demons:chort":3,"aquamirae:golden_moth":3,"artifacts:mimic":1,"minecraft:pig":5,"ars_nouveau:drygmy":2,"minecraft:iron_golem":1,"iter_rpg:spiderling":5,"minecraft:creeper":4,"minecraft:sheep":12,"minecraft:zombie":6,"ars_nouveau:whirlisprig":1,"iter_rpg:scallop":1,"minecraft:cow":8,"minecraft:enderman":1},"minecraft:mined":{"minecraft:yellow_terracotta":1,"minecraft:large_amethyst_bud":4,"minecraft:white_bed":3,"minecraft:jungle_leaves":3,"minecraft:glow_lichen":2,"herbology:vital_cactus":15,"minecraft:granite":2,"minecraft:budding_amethyst":7,"minecraft:acacia_log":2,"minecraft:grass_block":57,"minecraft:jungle_log":9,"iter_rpg:big_vase":1,"iter_rpg:small_vase":1,"minecraft:iron_ore":2,"iter_rpg:etherbloom":2,"minecraft:andesite":1,"minecraft:cobblestone_slab":1,"minecraft:vine":2,"minecraft:small_amethyst_bud":7,"minecraft:bamboo":3,"minecraft:stone":915,"ars_nouveau:purple_archwood_log":11,"minecraft:orange_bed":2,"herbology:salt_block":12,"minecraft:glass_pane":1,"minecraft:red_bed":1,"minecraft:medium_amethyst_bud":4,"herbology:vital_cactus_stem":5,"minecraft:amethyst_cluster":6,"minecraft:crafting_table":8,"minecraft:torch":3,"iter_rpg:vase":1,"minecraft:tall_grass":2,"minecraft:copper_ore":1,"minecraft:cobblestone":26,"minecraft:sugar_cane":7,"minecraft:wall_torch":7,"minecraft:amethyst_block":5,"ars_nouveau:blue_archwood_log":6,"minecraft:yellow_bed":2,"minecraft:grass":81,"minecraft:coal_ore":17,"iter_rpg:spider_egg":1,"minecraft:cocoa":5,"minecraft:dirt":63,"minecraft:oak_leaves":3,"minecraft:fern":9},"minecraft:broken":{"minecraft:iron_pickaxe":1,"minecraft:wooden_axe":3},"minecraft:picked_up":{"minecraft:wooden_axe":2,"minecraft:cocoa_beans":30,"minecraft:crafting_table":8,"minecraft:wheat":3,"minecraft:chicken":3,"knightsnmages:elite_mage_chestplate":1,"artifacts:chorus_totem":1,"iter_rpg:etherbloom":2,"minecraft:raw_copper":3,"minecraft:red_bed":1,"minecraft:string":5,"minecraft:iron_axe":1,"minecraft:gold_nugget":14,"iter_rpg:coin":1,"minecraft:beef":16,"minecraft:cobblestone_slab":1,"minecraft:sugar_cane":12,"minecraft:egg":6,"knightsnmages:elite_mage_helmet":1,"minecraft:stick":6,"minecraft:raw_iron":2,"ars_nouveau:purple_archwood_log":11,"herbology:salt":21,"minecraft:acacia_log":2,"minecraft:torch":10,"ars_nouveau:blue_archwood_log":6,"minecraft:porkchop":11,"minecraft:orange_bed":2,"herbology:vital_cactus_seed":23,"minecraft:rotten_flesh":4,"minecraft:arrow":2,"minecraft:yellow_terracotta":1,"minecraft:mutton":17,"minecraft:white_wool":11,"minecraft:cobblestone":116,"minecraft:feather":3,"minecraft:andesite":1,"minecraft:jungle_log":9,"minecraft:leather":5,"herbology:vital_cactus":15,"minecraft:yellow_bed":2,"minecraft:gunpowder":7,"skilltree:gem":2,"minecraft:dirt":119,"minecraft:bone":9,"knightsnmages:elite_mage_boots":1,"minecraft:wheat_seeds":6,"minecraft:iron_ingot":67,"minecraft:bamboo":22,"minecraft:acacia_sapling":2,"iter_rpg:spider_silk":1,"minecraft:jungle_planks":256,"minecraft:amethyst_shard":24,"minecraft:white_bed":3,"artifacts:helium_flamingo":3,"knightsnmages:elite_mage_leggings":1,"minecraft:coal":21,"minecraft:black_wool":1},"minecraft:used":{"minecraft:iron_shovel":71,"minecraft:chest":3,"minecraft:orange_bed":3,"rpgsmw:awakened_nephris_battle_hammer":13,"minecraft:torch":67,"minecraft:dirt":90,"minecraft:hopper":8,"aquamirae:golden_moth_spawn_egg":3,"rpgsmw:nephris_scythe":15,"rpgsmw:nephris_mage_armor_boots":2,"minecraft:wooden_axe":147,"minecraft:lava_bucket":5,"rpgsmw:nephris_healer_wand":6,"minecraft:iron_axe":107,"knightsnmages:elite_mage_boots":1,"cataclysm:void_forge":704,"minecraft:egg":6,"minecraft:water_bucket":13,"minecraft:cobblestone_stairs":4,"minecraft:stone_pickaxe":13,"minecraft:wooden_pickaxe":19,"artifacts:eternal_steak":20,"minecraft:cobblestone_slab":19,"minecraft:crafting_table":12,"minecraft:red_bed":2,"ars_nouveau:archwood_planks":1,"minecraft:white_bed":3,"minecraft:iron_pickaxe":311,"rpgsmw:nephris_mage_armor_leggings":1,"minecraft:jungle_sign":1,"minecraft:cobblestone":25,"minecraft:andesite":1,"minecraft:bucket":19,"minecraft:yellow_bed":2}},"DataVersion":3465}