{"stats":{"minecraft:mined":{"minecraft:acacia_log":2,"minecraft:grass":8,"minecraft:jungle_log":9,"minecraft:tall_grass":1,"minecraft:jungle_leaves":2,"minecraft:crafting_table":1},"minecraft:killed":{"minecraft:sheep":4,"minecraft:pig":5},"minecraft:crafted":{"minecraft:crafting_table":2,"minecraft:wooden_pickaxe":1,"minecraft:jungle_planks":36,"minecraft:wooden_axe":1},"minecraft:dropped":{"artifacts:helium_flamingo":1,"minecraft:wooden_axe":1},"minecraft:custom":{"minecraft:time_since_rest":16647,"minecraft:play_time":16647,"minecraft:sprint_one_cm":3344,"minecraft:walk_one_cm":14643,"minecraft:sneak_time":99,"minecraft:walk_under_water_one_cm":1511,"minecraft:mob_kills":9,"minecraft:drop":2,"minecraft:jump":99,"minecraft:damage_dealt":820,"minecraft:leave_game":2,"minecraft:time_since_death":16647,"minecraft:total_world_time":16647,"minecraft:climb_one_cm":716,"minecraft:swim_one_cm":27764,"minecraft:interact_with_crafting_table":2,"minecraft:fly_one_cm":10567,"minecraft:crouch_one_cm":315,"minecraft:fall_one_cm":12572},"minecraft:picked_up":{"minecraft:wooden_axe":1,"artifacts:helium_flamingo":1,"minecraft:stick":4,"minecraft:crafting_table":1,"minecraft:jungle_log":9,"minecraft:wheat_seeds":1,"minecraft:acacia_log":2,"minecraft:porkchop":11,"minecraft:mutton":5,"minecraft:white_wool":4,"minecraft:egg":1},"minecraft:used":{"minecraft:wooden_axe":26,"minecraft:crafting_table":2,"minecraft:egg":1}},"DataVersion":3465}