{"stats":{"minecraft:used":{"minecraft:crafting_table":1},"minecraft:mined":{"minecraft:jungle_log":9,"minecraft:jungle_leaves":2},"minecraft:custom":{"minecraft:time_since_rest":10694,"minecraft:crouch_one_cm":61,"minecraft:play_time":10694,"minecraft:walk_one_cm":2449,"minecraft:sneak_time":28,"minecraft:drop":1,"minecraft:jump":28,"minecraft:leave_game":1,"minecraft:time_since_death":10694,"minecraft:climb_one_cm":716,"minecraft:total_world_time":10694,"minecraft:swim_one_cm":3596,"minecraft:interact_with_crafting_table":1,"minecraft:fall_one_cm":1802,"minecraft:fly_one_cm":54},"minecraft:dropped":{"artifacts:helium_flamingo":1},"minecraft:crafted":{"minecraft:crafting_table":1,"minecraft:wooden_pickaxe":1,"minecraft:jungle_planks":36},"minecraft:picked_up":{"artifacts:helium_flamingo":1,"minecraft:stick":4,"minecraft:jungle_log":9}},"DataVersion":3465}