{"stats":{"minecraft:mined":{"herbology:salt_block":11,"minecraft:yellow_terracotta":1,"minecraft:white_bed":3,"minecraft:glass_pane":1,"minecraft:red_bed":1,"herbology:vital_cactus_stem":5,"minecraft:jungle_leaves":3,"minecraft:torch":1,"minecraft:granite":2,"minecraft:crafting_table":7,"herbology:vital_cactus":15,"minecraft:acacia_log":2,"iter_rpg:vase":1,"minecraft:jungle_log":9,"minecraft:copper_ore":1,"minecraft:tall_grass":2,"minecraft:sugar_cane":7,"minecraft:wall_torch":3,"ars_nouveau:blue_archwood_log":6,"minecraft:iron_ore":2,"iter_rpg:etherbloom":2,"minecraft:andesite":1,"minecraft:yellow_bed":1,"minecraft:grass":74,"minecraft:coal_ore":17,"minecraft:cocoa":5,"minecraft:vine":2,"minecraft:bamboo":3,"minecraft:stone":28,"minecraft:oak_leaves":3,"ars_nouveau:purple_archwood_log":11,"minecraft:fern":9,"minecraft:orange_bed":1},"minecraft:killed":{"minecraft:pig":5,"ars_nouveau:drygmy":2,"minecraft:spider":1,"minecraft:iron_golem":1,"minecraft:creeper":3,"minecraft:skeleton":6,"minecraft:sheep":12,"minecraft:zombie":4,"minecraft:chicken":3,"ars_nouveau:whirlisprig":1,"realmrpg_demons:chort":3,"aquamirae:golden_moth":3,"artifacts:mimic":1,"minecraft:enderman":1,"minecraft:cow":8},"minecraft:crafted":{"minecraft:crafting_table":3,"ars_nouveau:archwood_planks":44,"minecraft:wooden_pickaxe":1,"minecraft:jungle_planks":292,"minecraft:iron_axe":1,"minecraft:stick":15,"minecraft:iron_ingot":63,"minecraft:iron_pickaxe":1,"minecraft:stone_pickaxe":1,"minecraft:wooden_axe":3,"minecraft:white_bed":1,"minecraft:acacia_planks":8,"minecraft:torch":28},"minecraft:broken":{"minecraft:wooden_axe":3},"minecraft:dropped":{"minecraft:cocoa_beans":15,"minecraft:raw_copper":3,"minecraft:raw_iron":1,"artifacts:helium_flamingo":2,"minecraft:wooden_axe":2,"minecraft:acacia_sapling":2,"minecraft:gold_nugget":4},"minecraft:custom":{"minecraft:mob_kills":54,"minecraft:interact_with_crafting_table":8,"minecraft:interact_with_cartography_table":1,"minecraft:open_barrel":1,"minecraft:interact_with_grindstone":1,"minecraft:leave_game":4,"minecraft:time_since_death":57488,"minecraft:sleep_in_bed":5,"minecraft:climb_one_cm":2889,"minecraft:time_since_rest":7983,"minecraft:sprint_one_cm":143074,"minecraft:damage_taken":1817,"minecraft:walk_one_cm":142914,"minecraft:drop":9,"minecraft:damage_dealt":8135,"minecraft:swim_one_cm":201051,"minecraft:talked_to_villager":4,"minecraft:fly_one_cm":460900,"minecraft:open_chest":8,"minecraft:crouch_one_cm":3248,"minecraft:play_time":112727,"minecraft:sneak_time":1539,"minecraft:deaths":3,"minecraft:walk_under_water_one_cm":13322,"minecraft:jump":1443,"minecraft:interact_with_brewingstand":1,"minecraft:interact_with_blast_furnace":1,"minecraft:walk_on_water_one_cm":3406,"minecraft:fall_one_cm":104032,"minecraft:total_world_time":112727},"minecraft:picked_up":{"minecraft:wooden_axe":2,"minecraft:cocoa_beans":30,"minecraft:crafting_table":7,"minecraft:wheat":3,"minecraft:feather":3,"minecraft:chicken":3,"knightsnmages:elite_mage_chestplate":1,"minecraft:andesite":1,"minecraft:jungle_log":9,"minecraft:leather":5,"artifacts:chorus_totem":1,"herbology:vital_cactus":15,"minecraft:yellow_bed":1,"minecraft:gunpowder":3,"skilltree:gem":2,"minecraft:string":1,"minecraft:raw_copper":3,"minecraft:red_bed":1,"iter_rpg:etherbloom":2,"minecraft:bone":7,"knightsnmages:elite_mage_boots":1,"minecraft:wheat_seeds":5,"minecraft:gold_nugget":14,"minecraft:iron_ingot":67,"minecraft:beef":16,"minecraft:bamboo":22,"minecraft:sugar_cane":12,"minecraft:acacia_sapling":2,"minecraft:egg":6,"knightsnmages:elite_mage_helmet":1,"minecraft:stick":6,"minecraft:raw_iron":2,"ars_nouveau:purple_archwood_log":11,"herbology:salt":21,"minecraft:torch":4,"minecraft:acacia_log":2,"ars_nouveau:blue_archwood_log":6,"minecraft:porkchop":11,"minecraft:jungle_planks":256,"minecraft:white_bed":3,"artifacts:helium_flamingo":3,"minecraft:orange_bed":1,"herbology:vital_cactus_seed":23,"minecraft:arrow":2,"minecraft:rotten_flesh":3,"knightsnmages:elite_mage_leggings":1,"minecraft:yellow_terracotta":1,"minecraft:white_wool":11,"minecraft:mutton":17,"minecraft:black_wool":1,"minecraft:coal":21,"minecraft:cobblestone":28},"minecraft:used":{"minecraft:stone_pickaxe":13,"minecraft:wooden_pickaxe":19,"artifacts:eternal_steak":17,"minecraft:torch":15,"minecraft:orange_bed":1,"rpgsmw:awakened_nephris_battle_hammer":13,"minecraft:crafting_table":9,"minecraft:red_bed":2,"aquamirae:golden_moth_spawn_egg":3,"rpgsmw:nephris_scythe":15,"ars_nouveau:archwood_planks":1,"minecraft:white_bed":3,"rpgsmw:nephris_mage_armor_boots":2,"minecraft:wooden_axe":147,"rpgsmw:nephris_healer_wand":6,"minecraft:iron_axe":86,"minecraft:iron_pickaxe":53,"rpgsmw:nephris_mage_armor_leggings":1,"knightsnmages:elite_mage_boots":1,"minecraft:cobblestone":22,"minecraft:andesite":1,"minecraft:egg":6}},"DataVersion":3465}