{"stats":{"minecraft:mined":{"herbology:salt_block":11,"minecraft:white_bed":3,"herbology:vital_cactus_stem":5,"minecraft:jungle_leaves":3,"minecraft:crafting_table":5,"herbology:vital_cactus":15,"minecraft:acacia_log":2,"minecraft:jungle_log":9,"minecraft:tall_grass":2,"ars_nouveau:blue_archwood_log":6,"minecraft:iron_ore":1,"iter_rpg:etherbloom":2,"minecraft:andesite":1,"minecraft:grass":39,"minecraft:stone":3,"minecraft:oak_leaves":2,"ars_nouveau:purple_archwood_log":11,"minecraft:fern":3},"minecraft:killed":{"minecraft:pig":5,"ars_nouveau:drygmy":1,"minecraft:sheep":11,"minecraft:skeleton":1,"minecraft:zombie":3,"ars_nouveau:whirlisprig":1,"realmrpg_demons:chort":2,"minecraft:cow":6},"minecraft:crafted":{"minecraft:crafting_table":2,"ars_nouveau:archwood_planks":44,"minecraft:wooden_pickaxe":1,"minecraft:jungle_planks":36,"minecraft:stick":4,"minecraft:stone_pickaxe":1,"minecraft:wooden_axe":3,"minecraft:white_bed":1,"minecraft:acacia_planks":8},"minecraft:dropped":{"artifacts:helium_flamingo":1,"minecraft:wooden_axe":2},"minecraft:broken":{"minecraft:wooden_axe":3},"minecraft:custom":{"minecraft:mob_kills":30,"minecraft:interact_with_crafting_table":6,"minecraft:leave_game":2,"minecraft:time_since_death":5905,"minecraft:sleep_in_bed":2,"minecraft:climb_one_cm":1598,"minecraft:time_since_rest":5968,"minecraft:sprint_one_cm":79437,"minecraft:damage_taken":1020,"minecraft:walk_one_cm":66553,"minecraft:drop":3,"minecraft:damage_dealt":3637,"minecraft:swim_one_cm":141017,"minecraft:fly_one_cm":134524,"minecraft:open_chest":1,"minecraft:crouch_one_cm":1366,"minecraft:play_time":54198,"minecraft:deaths":2,"minecraft:sneak_time":774,"minecraft:walk_under_water_one_cm":8587,"minecraft:jump":647,"minecraft:walk_on_water_one_cm":1097,"minecraft:total_world_time":54198,"minecraft:fall_one_cm":69331},"minecraft:picked_up":{"minecraft:wooden_axe":2,"minecraft:crafting_table":5,"minecraft:wheat":3,"minecraft:jungle_log":9,"minecraft:andesite":1,"minecraft:leather":5,"herbology:vital_cactus":15,"skilltree:gem":1,"iter_rpg:etherbloom":2,"minecraft:bone":1,"minecraft:wheat_seeds":3,"minecraft:beef":13,"minecraft:egg":3,"minecraft:raw_iron":1,"minecraft:stick":6,"ars_nouveau:purple_archwood_log":11,"herbology:salt":21,"minecraft:acacia_log":2,"ars_nouveau:blue_archwood_log":6,"minecraft:porkchop":11,"minecraft:white_bed":3,"artifacts:helium_flamingo":1,"herbology:vital_cactus_seed":23,"minecraft:arrow":2,"minecraft:rotten_flesh":3,"minecraft:mutton":16,"minecraft:black_wool":1,"minecraft:coal":3,"minecraft:white_wool":10,"minecraft:cobblestone":3},"minecraft:used":{"minecraft:stone_pickaxe":13,"minecraft:wooden_pickaxe":19,"artifacts:eternal_steak":9,"minecraft:crafting_table":6,"ars_nouveau:archwood_planks":1,"minecraft:white_bed":3,"minecraft:wooden_axe":147,"minecraft:andesite":1,"minecraft:egg":3}},"DataVersion":3465}