{"stats":{"minecraft:mined":{"herbology:salt_block":11,"minecraft:yellow_terracotta":1,"minecraft:white_bed":3,"minecraft:glass_pane":1,"minecraft:red_bed":1,"herbology:vital_cactus_stem":5,"minecraft:jungle_leaves":3,"minecraft:crafting_table":6,"herbology:vital_cactus":15,"minecraft:acacia_log":2,"minecraft:jungle_log":9,"minecraft:tall_grass":2,"minecraft:sugar_cane":7,"ars_nouveau:blue_archwood_log":6,"minecraft:iron_ore":1,"iter_rpg:etherbloom":2,"minecraft:andesite":1,"minecraft:grass":73,"minecraft:cocoa":5,"minecraft:vine":2,"minecraft:bamboo":3,"minecraft:stone":3,"minecraft:oak_leaves":3,"ars_nouveau:purple_archwood_log":11,"minecraft:fern":9,"minecraft:orange_bed":1},"minecraft:killed":{"minecraft:pig":5,"ars_nouveau:drygmy":2,"minecraft:iron_golem":1,"minecraft:creeper":2,"minecraft:skeleton":1,"minecraft:sheep":12,"minecraft:zombie":3,"minecraft:chicken":3,"ars_nouveau:whirlisprig":1,"realmrpg_demons:chort":3,"aquamirae:golden_moth":2,"artifacts:mimic":1,"minecraft:enderman":1,"minecraft:cow":8},"minecraft:crafted":{"minecraft:crafting_table":3,"ars_nouveau:archwood_planks":44,"minecraft:wooden_pickaxe":1,"minecraft:jungle_planks":292,"minecraft:iron_axe":1,"minecraft:stick":15,"minecraft:iron_ingot":63,"minecraft:iron_pickaxe":1,"minecraft:stone_pickaxe":1,"minecraft:wooden_axe":3,"minecraft:white_bed":1,"minecraft:acacia_planks":8},"minecraft:dropped":{"artifacts:helium_flamingo":2,"minecraft:wooden_axe":2},"minecraft:broken":{"minecraft:wooden_axe":3},"minecraft:custom":{"minecraft:mob_kills":45,"minecraft:interact_with_crafting_table":7,"minecraft:interact_with_cartography_table":1,"minecraft:open_barrel":1,"minecraft:interact_with_grindstone":1,"minecraft:leave_game":4,"minecraft:time_since_death":45488,"minecraft:sleep_in_bed":4,"minecraft:climb_one_cm":2889,"minecraft:time_since_rest":21308,"minecraft:sprint_one_cm":131103,"minecraft:damage_taken":1635,"minecraft:walk_one_cm":112229,"minecraft:drop":4,"minecraft:damage_dealt":6667,"minecraft:swim_one_cm":201051,"minecraft:talked_to_villager":4,"minecraft:fly_one_cm":431301,"minecraft:open_chest":7,"minecraft:crouch_one_cm":2657,"minecraft:play_time":100727,"minecraft:sneak_time":1323,"minecraft:deaths":3,"minecraft:walk_under_water_one_cm":13322,"minecraft:jump":1243,"minecraft:interact_with_blast_furnace":1,"minecraft:walk_on_water_one_cm":3406,"minecraft:fall_one_cm":96920,"minecraft:total_world_time":100727},"minecraft:picked_up":{"minecraft:wooden_axe":2,"minecraft:cocoa_beans":15,"minecraft:crafting_table":6,"minecraft:wheat":3,"minecraft:feather":3,"minecraft:chicken":3,"knightsnmages:elite_mage_chestplate":1,"minecraft:andesite":1,"minecraft:jungle_log":9,"minecraft:leather":5,"artifacts:chorus_totem":1,"herbology:vital_cactus":15,"minecraft:gunpowder":3,"skilltree:gem":1,"minecraft:red_bed":1,"iter_rpg:etherbloom":2,"minecraft:bone":1,"knightsnmages:elite_mage_boots":1,"minecraft:wheat_seeds":5,"minecraft:gold_nugget":6,"minecraft:iron_ingot":67,"minecraft:beef":16,"minecraft:bamboo":22,"minecraft:sugar_cane":12,"minecraft:egg":3,"knightsnmages:elite_mage_helmet":1,"minecraft:stick":6,"minecraft:raw_iron":1,"ars_nouveau:purple_archwood_log":11,"herbology:salt":21,"minecraft:acacia_log":2,"ars_nouveau:blue_archwood_log":6,"minecraft:porkchop":11,"minecraft:jungle_planks":256,"minecraft:white_bed":3,"artifacts:helium_flamingo":3,"minecraft:orange_bed":1,"herbology:vital_cactus_seed":23,"minecraft:arrow":2,"minecraft:rotten_flesh":3,"knightsnmages:elite_mage_leggings":1,"minecraft:yellow_terracotta":1,"minecraft:white_wool":11,"minecraft:mutton":17,"minecraft:black_wool":1,"minecraft:coal":4,"minecraft:cobblestone":3},"minecraft:used":{"minecraft:stone_pickaxe":13,"minecraft:wooden_pickaxe":19,"artifacts:eternal_steak":13,"minecraft:orange_bed":1,"rpgsmw:awakened_nephris_battle_hammer":13,"minecraft:crafting_table":8,"minecraft:red_bed":2,"aquamirae:golden_moth_spawn_egg":2,"rpgsmw:nephris_scythe":15,"ars_nouveau:archwood_planks":1,"minecraft:white_bed":3,"rpgsmw:nephris_mage_armor_boots":2,"minecraft:wooden_axe":147,"rpgsmw:nephris_healer_wand":6,"minecraft:iron_axe":56,"minecraft:iron_pickaxe":2,"rpgsmw:nephris_mage_armor_leggings":1,"knightsnmages:elite_mage_boots":1,"minecraft:andesite":1,"minecraft:egg":3}},"DataVersion":3465}